"view_history","rt","trial_type","trial_index","plugin_version","time_elapsed","response"
"[{""page_index"":0,""viewing_time"":2771},{""page_index"":1,""viewing_time"":10743}]","13515","instructions","0","2.0.0","13518",""
"[{""page_index"":0,""viewing_time"":1328},{""page_index"":1,""viewing_time"":16307}]","17635","instructions","1","2.0.0","31155",""
"","17307","survey-text","2","2.0.0","48466","{""Q0"":""Switzerland ""}"
"","5134","survey-text","3","2.0.0","53603","{""Q0"":""2""}"
"","4758","survey-text","4","2.0.0","58364","{""Q0"":""Arial""}"
"","4971","survey-text","5","2.0.0","63337","{""Q0"":""Noah""}"
"[{""page_index"":0,""viewing_time"":5031}]","5031","instructions","6","2.0.0","68369",""
