"view_history","rt","trial_type","trial_index","plugin_version","time_elapsed","response"
"[{""page_index"":0,""viewing_time"":4260},{""page_index"":1,""viewing_time"":23117}]","27378","instructions","0","2.0.0","27381",""
"[{""page_index"":0,""viewing_time"":2363},{""page_index"":1,""viewing_time"":30601}]","32964","instructions","1","2.0.0","60347",""
"","8755","survey-text","2","2.0.0","69113","{""Q0"":""Switzerland""}"
"","5331","survey-text","3","2.0.0","74446","{""Q0"":""two""}"
"","6067","survey-text","4","2.0.0","80515","{""Q0"":""Brush""}"
"","8881","survey-text","5","2.0.0","89398","{""Q0"":""Noah""}"
"[{""page_index"":0,""viewing_time"":12462}]","12462","instructions","6","2.0.0","101862",""
