"view_history","rt","trial_type","trial_index","plugin_version","time_elapsed","response"
"[{""page_index"":0,""viewing_time"":5492},{""page_index"":1,""viewing_time"":47564}]","53056","instructions","0","2.0.0","53058",""
"[{""page_index"":0,""viewing_time"":4764},{""page_index"":1,""viewing_time"":30026}]","34790","instructions","1","2.0.0","87849",""
"","10580","survey-text","2","2.0.0","98433","{""Q0"":""Switzerland""}"
"","11561","survey-text","3","2.0.0","109998","{""Q0"":""Two""}"
"","4749","survey-text","4","2.0.0","114751","{""Q0"":""Arial""}"
"","11273","survey-text","5","2.0.0","126029","{""Q0"":""Noah""}"
"[{""page_index"":0,""viewing_time"":11422}]","11422","instructions","6","2.0.0","137453",""
