"view_history","rt","trial_type","trial_index","plugin_version","time_elapsed","response"
"[{""page_index"":0,""viewing_time"":19015},{""page_index"":1,""viewing_time"":5859}]","24874","instructions","0","2.0.0","24894",""
"[{""page_index"":0,""viewing_time"":6516},{""page_index"":1,""viewing_time"":34345}]","40861","instructions","1","2.0.0","65765",""
"","20476","survey-text","2","2.0.0","86293","{""Q0"":""dont know""}"
"","117923","survey-text","3","2.0.0","204249","{""Q0"":""dont know""}"
"","22901","survey-text","4","2.0.0","227181","{""Q0"":""Brush""}"
"","10933","survey-text","5","2.0.0","238149","{""Q0"":""NO""}"
"[{""page_index"":0,""viewing_time"":7657}]","7657","instructions","6","2.0.0","245812",""
