"view_history","rt","trial_type","trial_index","plugin_version","time_elapsed","response"
"[{""page_index"":0,""viewing_time"":13558},{""page_index"":1,""viewing_time"":9915}]","23474","instructions","0","2.0.0","23482",""
"[{""page_index"":0,""viewing_time"":10831},{""page_index"":1,""viewing_time"":5995}]","16827","instructions","1","2.0.0","40313",""
"","13420","survey-text","2","2.0.0","53795","{""Q0"":""germany""}"
"","7861","survey-text","3","2.0.0","61663","{""Q0"":""2""}"
"","8781","survey-text","4","2.0.0","70463","{""Q0"":""Brush""}"
"","7992","survey-text","5","2.0.0","78466","{""Q0"":""Noah""}"
"[{""page_index"":0,""viewing_time"":8683}]","8683","instructions","6","2.0.0","87152",""
